{
  "version": 1,
  "author": "Anonymous maker",
  "editor": "wokwi",
  "parts": [
    { "type": "wokwi-breadboard-mini", "id": "bb1", "top": 75.4, "left": 256.8, "attrs": {} },
    { "type": "wokwi-breadboard-mini", "id": "bb2", "top": -251, "left": -69.6, "attrs": {} },
    { "type": "wokwi-arduino-uno", "id": "uno", "top": 0.6, "left": -87, "attrs": {} },
    {
      "type": "wokwi-hc-sr04",
      "id": "ultrasonic1",
      "top": -36.9,
      "left": 255.1,
      "attrs": { "distance": "400" }
    },
    {
      "type": "wokwi-hc-sr04",
      "id": "ultrasonic2",
      "top": 203.1,
      "left": 255.1,
      "attrs": { "distance": "400" }
    },
    {
      "type": "wokwi-led",
      "id": "led1",
      "top": 73.2,
      "left": 368.6,
      "attrs": { "color": "orange" }
    },
    { "type": "wokwi-led", "id": "led2", "top": 73.2, "left": 339.8, "attrs": { "color": "red" } },
    {
      "type": "wokwi-led",
      "id": "led3",
      "top": 73.2,
      "left": 397.4,
      "attrs": { "color": "limegreen" }
    },
    {
      "type": "wokwi-resistor",
      "id": "r1",
      "top": 148.8,
      "left": 335.45,
      "rotate": 90,
      "attrs": { "value": "220" }
    },
    {
      "type": "wokwi-resistor",
      "id": "r2",
      "top": 148.8,
      "left": 364.25,
      "rotate": 90,
      "attrs": { "value": "220" }
    },
    {
      "type": "wokwi-resistor",
      "id": "r3",
      "top": 148.8,
      "left": 393.05,
      "rotate": 90,
      "attrs": { "value": "220" }
    },
    { "type": "wokwi-lcd1602", "id": "lcd1", "top": -246.17, "left": 169.6, "attrs": {} },
    {
      "type": "wokwi-resistor",
      "id": "r4",
      "top": -196.8,
      "left": 37.85,
      "rotate": 90,
      "attrs": { "value": "220" }
    },
    { "type": "wokwi-potentiometer", "id": "pot1", "top": -260.5, "left": -67.4, "attrs": {} },
    { "type": "wokwi-led", "id": "led4", "top": 25.2, "left": 483.8, "attrs": { "color": "red" } },
    {
      "type": "wokwi-resistor",
      "id": "r5",
      "top": 100.8,
      "left": 479.45,
      "rotate": 90,
      "attrs": { "value": "220" }
    }
  ],
  "connections": [
    [ "ultrasonic1:VCC", "uno:5V", "red", [ "v19.2", "h-115.2", "v144", "h-115.2" ] ],
    [ "ultrasonic1:GND", "uno:GND.2", "black", [ "v19.2", "h-135.6", "v153.6", "h-115.2" ] ],
    [ "ultrasonic1:TRIG", "uno:3", "green", [ "v28.8", "h-106", "v-86.4", "h-9.6" ] ],
    [ "ultrasonic1:ECHO", "uno:4", "cyan", [ "v19.2", "h-125.6", "v-67.2", "h-67.2" ] ],
    [ "ultrasonic2:VCC", "uno:5V", "red", [ "v9.6", "h-230.4" ] ],
    [ "ultrasonic2:GND", "uno:GND.2", "black", [ "v19.2", "h-1.2" ] ],
    [ "ultrasonic2:TRIG", "uno:5", "purple", [ "v19.2", "h-115.6", "v-297.6", "h-9.6" ] ],
    [ "ultrasonic2:ECHO", "uno:6", "limegreen", [ "v28.8", "h-135.2", "v-316.8", "h-19.2" ] ],
    [ "bb1:11b.j", "uno:7", "red", [ "v0", "h-134.4", "v-201.6", "h-105.6" ] ],
    [ "bb1:17b.j", "uno:9", "limegreen", [ "v-9.6", "h-172.8", "v-211.2", "h-153.6" ] ],
    [ "bb1:10t.e", "uno:GND.3", "black", [ "v0", "h-124.8", "v105.6", "h-115.2" ] ],
    [ "bb1:13t.e", "uno:GND.3", "black", [ "v0", "h-144", "v105.6", "h-124.8" ] ],
    [ "bb1:16t.e", "uno:GND.3", "black", [ "v0", "h-163.2", "v105.6", "h-134.4" ] ],
    [ "lcd1:RS", "uno:13", "green", [ "v19.2", "h0.3" ] ],
    [ "lcd1:E", "uno:12", "green", [ "v28.8", "h-201.6" ] ],
    [ "lcd1:D4", "uno:11", "green", [ "v28.8", "h-240" ] ],
    [ "lcd1:D5", "uno:2", "green", [ "v28.8", "h0.1" ] ],
    [ "lcd1:D6", "uno:1", "green", [ "v38.4", "h-163" ] ],
    [ "lcd1:D7", "uno:0", "green", [ "v48", "h-153.3" ] ],
    [ "bb2:14t.b", "uno:GND.1", "black", [ "v0", "h-163.2", "v201.6", "h124.8" ] ],
    [ "uno:GND.1", "lcd1:K", "black", [ "v-76.8", "h-9.3" ] ],
    [ "bb2:14b.h", "lcd1:A", "red", [ "v57.6", "h9.6" ] ],
    [ "pot1:GND", "lcd1:VSS", "black", [ "v76.8", "h9.6" ] ],
    [ "uno:5V", "pot1:VCC", "red", [ "v-316.9", "h-44.2" ] ],
    [ "pot1:SIG", "lcd1:V0", "green", [ "v86.4", "h249.2" ] ],
    [ "lcd1:VDD", "uno:5V", "red", [ "v19.2", "h0.1" ] ],
    [ "led1:A", "bb1:14t.d", "", [ "$bb" ] ],
    [ "led1:C", "bb1:13t.d", "", [ "$bb" ] ],
    [ "led2:A", "bb1:11t.d", "", [ "$bb" ] ],
    [ "led2:C", "bb1:10t.d", "", [ "$bb" ] ],
    [ "led3:A", "bb1:17t.d", "", [ "$bb" ] ],
    [ "led3:C", "bb1:16t.d", "", [ "$bb" ] ],
    [ "r1:1", "bb1:11t.e", "", [ "$bb" ] ],
    [ "r1:2", "bb1:11b.i", "", [ "$bb" ] ],
    [ "r2:1", "bb1:14t.e", "", [ "$bb" ] ],
    [ "r2:2", "bb1:14b.i", "", [ "$bb" ] ],
    [ "r3:1", "bb1:17t.e", "", [ "$bb" ] ],
    [ "r3:2", "bb1:17b.i", "", [ "$bb" ] ],
    [ "r4:1", "bb2:14t.c", "", [ "$bb" ] ],
    [ "r4:2", "bb2:14b.g", "", [ "$bb" ] ],
    [ "led4:A", "r5:1", "green", [ "v0" ] ],
    [ "led4:C", "uno:GND.1", "green", [ "v268.8", "h-604.4", "v-355.2", "h124.8" ] ],
    [ "uno:8", "r5:2", "green", [ "v-48", "h461.2", "v182.4", "h-19.2" ] ],
    [ "bb1:14b.j", "uno:10", "green", [ "v0", "h-192", "v-201.6", "h-134.4" ] ]
  ],
  "dependencies": {}
}